id,image_url,user_id,created_dat
1,http://elijah.biz,1,"2023-05-13 15:14:58"
2,https://shanon.org,1,"2023-05-13 15:14:58"
3,http://vicky.biz,1,"2023-05-13 15:14:58"
4,http://oleta.net,1,"2023-05-13 15:14:58"
5,https://jennings.biz,1,"2023-05-13 15:14:58"
6,https://quinn.biz,2,"2023-05-13 15:14:58"
7,https://selina.name,2,"2023-05-13 15:14:58"
8,http://malvina.org,2,"2023-05-13 15:14:58"
9,https://branson.biz,2,"2023-05-13 15:14:58"
10,https://elenor.name,3,"2023-05-13 15:14:58"
11,https://marcelino.com,3,"2023-05-13 15:14:58"
12,http://felicity.name,3,"2023-05-13 15:14:58"
13,https://fred.com,3,"2023-05-13 15:14:58"
14,https://gerhard.biz,4,"2023-05-13 15:14:58"
15,https://sherwood.net,4,"2023-05-13 15:14:58"
16,https://maudie.org,4,"2023-05-13 15:14:58"
17,http://annamae.name,6,"2023-05-13 15:14:58"
18,https://mac.org,6,"2023-05-13 15:14:58"
19,http://miracle.info,6,"2023-05-13 15:14:58"
20,http://emmet.com,6,"2023-05-13 15:14:58"
21,https://lisa.com,6,"2023-05-13 15:14:58"
22,https://brooklyn.name,8,"2023-05-13 15:14:58"
23,http://madison.net,8,"2023-05-13 15:14:58"
24,http://annie.name,8,"2023-05-13 15:14:58"
25,http://darron.info,8,"2023-05-13 15:14:58"
26,http://saige.com,9,"2023-05-13 15:14:58"
27,https://reece.net,9,"2023-05-13 15:14:58"
28,http://vance.org,9,"2023-05-13 15:14:58"
29,http://ignacio.net,9,"2023-05-13 15:14:58"
30,http://kenny.com,10,"2023-05-13 15:14:58"
31,http://remington.name,10,"2023-05-13 15:14:58"
32,http://kurtis.info,10,"2023-05-13 15:14:58"
33,https://alisha.com,11,"2023-05-13 15:14:58"
34,https://henderson.com,11,"2023-05-13 15:14:58"
35,http://bonnie.info,11,"2023-05-13 15:14:58"
36,http://kennith.net,11,"2023-05-13 15:14:58"
37,http://camille.name,11,"2023-05-13 15:14:58"
38,http://alena.net,12,"2023-05-13 15:14:58"
39,http://ralph.name,12,"2023-05-13 15:14:58"
40,https://tyshawn.com,12,"2023-05-13 15:14:58"
41,https://adella.net,12,"2023-05-13 15:14:58"
42,https://cielo.info,13,"2023-05-13 15:14:58"
43,https://easter.net,13,"2023-05-13 15:14:58"
44,http://golden.org,13,"2023-05-13 15:14:58"
45,http://kendall.biz,13,"2023-05-13 15:14:58"
46,https://glenda.info,13,"2023-05-13 15:14:58"
47,http://dominic.biz,15,"2023-05-13 15:14:58"
48,http://tressie.info,15,"2023-05-13 15:14:58"
49,http://estevan.org,15,"2023-05-13 15:14:58"
50,http://zena.com,15,"2023-05-13 15:14:58"
51,https://abagail.com,16,"2023-05-13 15:14:58"
52,https://hershel.com,16,"2023-05-13 15:14:58"
53,http://collin.com,16,"2023-05-13 15:14:58"
54,https://clair.com,16,"2023-05-13 15:14:58"
55,https://deondre.com,17,"2023-05-13 15:14:58"
56,http://tristin.name,17,"2023-05-13 15:14:58"
57,http://kirk.org,17,"2023-05-13 15:14:58"
58,https://modesta.info,18,"2023-05-13 15:14:58"
59,http://rylan.biz,19,"2023-05-13 15:14:58"
60,https://noemie.com,19,"2023-05-13 15:14:58"
61,https://dejon.name,20,"2023-05-13 15:14:58"
62,https://rigoberto.net,22,"2023-05-13 15:14:58"
63,http://megane.biz,23,"2023-05-13 15:14:58"
64,http://emmalee.org,23,"2023-05-13 15:14:58"
65,http://nathan.net,23,"2023-05-13 15:14:58"
66,http://lionel.net,23,"2023-05-13 15:14:58"
67,http://danyka.net,23,"2023-05-13 15:14:58"
68,https://woodrow.com,23,"2023-05-13 15:14:58"
69,http://harvey.info,23,"2023-05-13 15:14:58"
70,http://aiden.org,23,"2023-05-13 15:14:58"
71,https://tito.name,23,"2023-05-13 15:14:58"
72,https://julian.net,23,"2023-05-13 15:14:58"
73,https://mafalda.org,23,"2023-05-13 15:14:58"
74,http://verner.org,23,"2023-05-13 15:14:58"
75,https://elmore.org,26,"2023-05-13 15:14:58"
76,http://kasandra.com,26,"2023-05-13 15:14:58"
77,https://jarret.info,26,"2023-05-13 15:14:58"
78,http://einar.net,26,"2023-05-13 15:14:58"
79,http://terry.info,26,"2023-05-13 15:14:58"
80,https://holden.com,27,"2023-05-13 15:14:58"
81,https://jacinto.org,28,"2023-05-13 15:14:58"
82,https://geoffrey.info,28,"2023-05-13 15:14:58"
83,http://paxton.com,28,"2023-05-13 15:14:58"
84,https://trinity.biz,28,"2023-05-13 15:14:58"
85,http://fabiola.org,29,"2023-05-13 15:14:58"
86,https://bryce.org,29,"2023-05-13 15:14:58"
87,http://emery.net,29,"2023-05-13 15:14:58"
88,https://marian.biz,29,"2023-05-13 15:14:58"
89,https://kennedi.org,29,"2023-05-13 15:14:58"
90,https://fanny.net,29,"2023-05-13 15:14:58"
91,http://lottie.net,29,"2023-05-13 15:14:58"
92,http://lacy.biz,29,"2023-05-13 15:14:58"
93,https://jensen.name,30,"2023-05-13 15:14:58"
94,http://virginia.org,30,"2023-05-13 15:14:58"
95,https://ariel.net,31,"2023-05-13 15:14:58"
96,http://roger.info,32,"2023-05-13 15:14:58"
97,https://carolanne.com,32,"2023-05-13 15:14:58"
98,https://margarita.info,32,"2023-05-13 15:14:58"
99,https://kayden.biz,32,"2023-05-13 15:14:58"
100,https://brook.com,33,"2023-05-13 15:14:58"
101,https://gust.net,33,"2023-05-13 15:14:58"
102,http://bridie.name,33,"2023-05-13 15:14:58"
103,http://barton.name,33,"2023-05-13 15:14:58"
104,https://karina.biz,33,"2023-05-13 15:14:58"
105,https://mariam.com,35,"2023-05-13 15:14:58"
106,https://trycia.com,35,"2023-05-13 15:14:58"
107,https://everette.biz,37,"2023-05-13 15:14:58"
108,http://boris.biz,38,"2023-05-13 15:14:58"
109,http://arthur.name,38,"2023-05-13 15:14:58"
110,https://cesar.com,39,"2023-05-13 15:14:58"
111,http://charlie.com,40,"2023-05-13 15:14:58"
112,https://lina.biz,42,"2023-05-13 15:14:58"
113,https://darwin.net,42,"2023-05-13 15:14:58"
114,https://aliyah.biz,42,"2023-05-13 15:14:58"
115,http://euna.info,43,"2023-05-13 15:14:58"
116,https://maymie.net,43,"2023-05-13 15:14:58"
117,http://joanie.name,43,"2023-05-13 15:14:58"
118,http://whitney.net,43,"2023-05-13 15:14:58"
119,http://garrison.name,43,"2023-05-13 15:14:58"
120,https://olga.org,44,"2023-05-13 15:14:58"
121,https://donavon.org,44,"2023-05-13 15:14:58"
122,http://moses.biz,44,"2023-05-13 15:14:58"
123,http://shannon.org,44,"2023-05-13 15:14:58"
124,http://kendrick.net,46,"2023-05-13 15:14:58"
125,https://carey.com,46,"2023-05-13 15:14:58"
126,http://lia.biz,46,"2023-05-13 15:14:58"
127,https://celestine.name,46,"2023-05-13 15:14:58"
128,http://laila.info,47,"2023-05-13 15:14:58"
129,http://buddy.com,47,"2023-05-13 15:14:58"
130,http://americo.biz,47,"2023-05-13 15:14:58"
131,http://lurline.info,47,"2023-05-13 15:14:58"
132,http://kailee.org,47,"2023-05-13 15:14:58"
133,https://edyth.com,48,"2023-05-13 15:14:58"
134,https://isaias.biz,50,"2023-05-13 15:14:58"
135,http://rosetta.net,50,"2023-05-13 15:14:58"
136,https://marianna.info,50,"2023-05-13 15:14:58"
137,https://roel.org,51,"2023-05-13 15:14:58"
138,http://julia.info,51,"2023-05-13 15:14:58"
139,https://seamus.org,51,"2023-05-13 15:14:58"
140,https://earline.info,51,"2023-05-13 15:14:58"
141,http://quinten.info,51,"2023-05-13 15:14:58"
142,https://dolores.org,52,"2023-05-13 15:14:58"
143,https://aimee.info,52,"2023-05-13 15:14:58"
144,https://roderick.name,52,"2023-05-13 15:14:58"
145,https://jarret.name,52,"2023-05-13 15:14:58"
146,https://cathrine.com,52,"2023-05-13 15:14:58"
147,https://adela.com,55,"2023-05-13 15:14:58"
148,https://demarco.com,56,"2023-05-13 15:14:58"
149,https://lila.biz,58,"2023-05-13 15:14:58"
150,http://ruben.net,58,"2023-05-13 15:14:58"
151,https://alia.name,58,"2023-05-13 15:14:58"
152,http://rickey.name,58,"2023-05-13 15:14:58"
153,http://janie.com,58,"2023-05-13 15:14:58"
154,http://myron.org,58,"2023-05-13 15:14:58"
155,http://pearl.info,58,"2023-05-13 15:14:58"
156,http://victoria.biz,58,"2023-05-13 15:14:58"
157,https://carmella.com,59,"2023-05-13 15:14:58"
158,http://leo.com,59,"2023-05-13 15:14:58"
159,http://jedediah.net,59,"2023-05-13 15:14:58"
160,http://sedrick.net,59,"2023-05-13 15:14:58"
161,https://clare.org,59,"2023-05-13 15:14:58"
162,https://malcolm.name,59,"2023-05-13 15:14:58"
163,https://lesly.com,59,"2023-05-13 15:14:58"
164,https://roberta.net,59,"2023-05-13 15:14:58"
165,https://estell.info,59,"2023-05-13 15:14:58"
166,http://kaleigh.biz,59,"2023-05-13 15:14:58"
167,http://blanca.org,60,"2023-05-13 15:14:58"
168,http://delpha.com,60,"2023-05-13 15:14:58"
169,http://annabelle.org,61,"2023-05-13 15:14:58"
170,http://ephraim.com,62,"2023-05-13 15:14:58"
171,https://dameon.name,62,"2023-05-13 15:14:58"
172,https://julianne.org,63,"2023-05-13 15:14:58"
173,https://jasmin.biz,63,"2023-05-13 15:14:58"
174,https://delbert.net,63,"2023-05-13 15:14:58"
175,https://norval.com,63,"2023-05-13 15:14:58"
176,https://jessy.name,64,"2023-05-13 15:14:58"
177,https://nolan.name,64,"2023-05-13 15:14:58"
178,http://devon.info,64,"2023-05-13 15:14:58"
179,http://ora.net,64,"2023-05-13 15:14:58"
180,https://vivien.com,64,"2023-05-13 15:14:58"
181,https://hilda.info,65,"2023-05-13 15:14:58"
182,https://dorcas.biz,65,"2023-05-13 15:14:58"
183,http://hettie.net,65,"2023-05-13 15:14:58"
184,http://rico.biz,65,"2023-05-13 15:14:58"
185,http://jody.biz,65,"2023-05-13 15:14:58"
186,http://sheila.com,67,"2023-05-13 15:14:58"
187,http://germaine.name,67,"2023-05-13 15:14:58"
188,https://mariane.org,67,"2023-05-13 15:14:58"
189,http://reva.com,69,"2023-05-13 15:14:58"
190,https://llewellyn.info,70,"2023-05-13 15:14:58"
191,http://ellen.info,72,"2023-05-13 15:14:58"
192,https://anahi.info,72,"2023-05-13 15:14:58"
193,https://javonte.org,72,"2023-05-13 15:14:58"
194,http://florine.org,72,"2023-05-13 15:14:58"
195,http://marcellus.info,72,"2023-05-13 15:14:58"
196,http://stan.biz,73,"2023-05-13 15:14:58"
197,http://jarred.net,77,"2023-05-13 15:14:58"
198,http://jovanny.net,77,"2023-05-13 15:14:58"
199,http://linnie.com,77,"2023-05-13 15:14:58"
200,http://dino.name,77,"2023-05-13 15:14:58"
201,https://jane.net,77,"2023-05-13 15:14:58"
202,http://laney.name,77,"2023-05-13 15:14:58"
203,http://trever.org,78,"2023-05-13 15:14:58"
204,http://emilie.net,78,"2023-05-13 15:14:58"
205,http://ted.info,78,"2023-05-13 15:14:58"
206,http://keshawn.org,78,"2023-05-13 15:14:58"
207,http://ole.info,78,"2023-05-13 15:14:58"
208,https://ford.biz,79,"2023-05-13 15:14:58"
209,https://humberto.org,82,"2023-05-13 15:14:58"
210,http://penelope.info,82,"2023-05-13 15:14:58"
211,https://dimitri.info,84,"2023-05-13 15:14:58"
212,http://cynthia.info,84,"2023-05-13 15:14:58"
213,http://princess.org,85,"2023-05-13 15:14:58"
214,https://ruthie.info,85,"2023-05-13 15:14:58"
215,https://evan.name,86,"2023-05-13 15:14:58"
216,http://deontae.org,86,"2023-05-13 15:14:58"
217,https://timmy.info,86,"2023-05-13 15:14:58"
218,http://susie.info,86,"2023-05-13 15:14:58"
219,http://hollis.com,86,"2023-05-13 15:14:58"
220,https://colt.org,86,"2023-05-13 15:14:58"
221,http://lucio.org,86,"2023-05-13 15:14:58"
222,http://germaine.org,86,"2023-05-13 15:14:58"
223,http://howard.net,86,"2023-05-13 15:14:58"
224,http://helena.name,87,"2023-05-13 15:14:58"
225,https://celestino.name,87,"2023-05-13 15:14:58"
226,http://violet.info,87,"2023-05-13 15:14:58"
227,http://nigel.biz,87,"2023-05-13 15:14:58"
228,https://noble.net,88,"2023-05-13 15:14:58"
229,https://emilia.org,88,"2023-05-13 15:14:58"
230,http://destini.net,88,"2023-05-13 15:14:58"
231,https://mariano.net,88,"2023-05-13 15:14:58"
232,https://brittany.org,88,"2023-05-13 15:14:58"
233,https://madaline.name,88,"2023-05-13 15:14:58"
234,https://devonte.name,88,"2023-05-13 15:14:58"
235,https://blanche.net,88,"2023-05-13 15:14:58"
236,http://cali.net,88,"2023-05-13 15:14:58"
237,http://mekhi.name,88,"2023-05-13 15:14:58"
238,http://adela.com,88,"2023-05-13 15:14:58"
239,https://devan.com,92,"2023-05-13 15:14:58"
240,https://jarrett.name,92,"2023-05-13 15:14:58"
241,https://sid.biz,92,"2023-05-13 15:14:58"
242,https://jadyn.name,93,"2023-05-13 15:14:58"
243,https://erik.com,93,"2023-05-13 15:14:58"
244,http://freeda.biz,94,"2023-05-13 15:14:58"
245,http://ayden.name,95,"2023-05-13 15:14:58"
246,https://kathleen.biz,95,"2023-05-13 15:14:58"
247,https://helmer.org,96,"2023-05-13 15:14:58"
248,https://maggie.info,96,"2023-05-13 15:14:58"
249,https://cecilia.net,96,"2023-05-13 15:14:58"
250,http://ayla.org,97,"2023-05-13 15:14:58"
251,https://elyssa.biz,97,"2023-05-13 15:14:58"
252,http://jennie.com,98,"2023-05-13 15:14:58"
253,http://ryleigh.info,99,"2023-05-13 15:14:58"
254,https://darien.name,99,"2023-05-13 15:14:58"
255,https://xzavier.org,99,"2023-05-13 15:14:58"
256,https://kaela.name,100,"2023-05-13 15:14:58"
257,http://dedrick.info,100,"2023-05-13 15:14:58"
